step,time,block_x,block_y,block_z,block_vx,block_vy,block_vz,contacts,fx,fy,fz
1000,0.100000,0.000000,24.950901,0.000000,0.000000,-0.981000,0.000000,0,0.0000,0.0000,0.0000
2000,0.200000,0.000000,24.803702,0.000000,0.000000,-1.962000,0.000000,0,0.0000,0.0000,0.0000
3000,0.300000,0.000000,24.558403,0.000000,0.000000,-2.943000,0.000000,0,0.0000,0.0000,0.0000
4000,0.400000,0.000000,24.215004,0.000000,0.000000,-3.924000,0.000000,0,0.0000,0.0000,0.0000
5000,0.500000,0.000000,23.773505,0.000000,0.000000,-4.905000,0.000000,0,0.0000,0.0000,0.0000
6000,0.600000,0.000000,23.233906,0.000000,0.000000,-5.886000,0.000000,0,0.0000,0.0000,0.0000
7000,0.700000,0.000000,22.596207,0.000000,0.000000,-6.867000,0.000000,0,0.0000,0.0000,0.0000
8000,0.800000,0.000000,21.860408,0.000000,0.000000,-7.848000,0.000000,0,0.0000,0.0000,0.0000
9000,0.900000,0.000000,21.026509,0.000000,0.000000,-8.829000,0.000000,0,0.0000,0.0000,0.0000
10000,1.000000,0.000000,20.094509,0.000000,0.000000,-9.810000,0.000000,0,0.0000,0.0000,0.0000
11000,1.100000,0.000000,19.064410,0.000000,0.000000,-10.791000,0.000000,0,0.0000,0.0000,0.0000
12000,1.200000,0.000000,17.936211,0.000000,0.000000,-11.772000,0.000000,0,0.0000,0.0000,0.0000
13000,1.300000,0.000000,16.709912,0.000000,0.000000,-12.753000,0.000000,0,0.0000,0.0000,0.0000
14000,1.400000,0.000000,15.385513,0.000000,0.000000,-13.734000,0.000000,0,0.0000,0.0000,0.0000
15000,1.500000,0.000000,13.963014,0.000000,0.000000,-14.715000,0.000000,0,0.0000,0.0000,0.0000
16000,1.600000,0.000000,12.442415,0.000000,0.000000,-15.696000,0.000000,0,0.0000,0.0000,0.0000
17000,1.700000,0.000000,10.823716,0.000000,0.000000,-16.677000,0.000000,0,0.0000,0.0000,0.0000
18000,1.800000,0.000000,9.106917,0.000000,0.000000,-17.658000,0.000000,0,0.0000,0.0000,0.0000
19000,1.900000,0.000000,7.292018,0.000000,0.000000,-18.639000,0.000000,0,0.0000,0.0000,0.0000
20000,2.000000,0.000000,5.379019,0.000000,0.000000,-19.620000,0.000000,0,0.0000,0.0000,0.0000
21000,2.100000,0.000000,3.367920,0.000000,0.000000,-20.601000,0.000000,0,0.0000,0.0000,0.0000
22000,2.200000,0.000000,1.582250,-0.318379,0.000010,-9.330954,-12.058528,0,0.0000,0.0000,0.0000
23000,2.300000,0.000009,1.194018,-1.720674,0.000157,1.000073,-15.799788,0,0.0000,0.0000,0.0000
24000,2.400000,0.000025,1.244926,-3.300653,0.000157,0.019073,-15.799788,0,0.0000,0.0000,0.0000
25000,2.500000,0.000040,1.197734,-4.880632,0.000157,-0.961927,-15.799788,0,0.0000,0.0000,0.0000
26000,2.600000,0.000056,1.052442,-6.460611,0.000157,-1.942927,-15.799788,0,0.0000,0.0000,0.0000
27000,2.700000,0.000072,0.809050,-8.040590,0.000157,-2.923927,-15.799788,0,0.0000,0.0000,0.0000
28000,2.800000,0.000088,0.467559,-9.620569,0.000157,-3.904927,-15.799788,0,0.0000,0.0000,0.0000
29000,2.900000,0.000103,0.027967,-11.200547,0.000157,-4.885927,-15.799788,0,0.0000,0.0000,0.0000
30000,3.000000,0.000119,-0.509725,-12.780526,0.000157,-5.866927,-15.799788,0,0.0000,0.0000,0.0000
31000,3.100000,0.000135,-1.145517,-14.360505,0.000157,-6.847927,-15.799788,0,0.0000,0.0000,0.0000
32000,3.200000,0.000150,-1.879408,-15.940484,0.000157,-7.828927,-15.799788,0,0.0000,0.0000,0.0000
33000,3.300000,0.000166,-2.711400,-17.520463,0.000157,-8.809927,-15.799788,0,0.0000,0.0000,0.0000
34000,3.400000,0.000182,-3.641492,-19.100442,0.000157,-9.790927,-15.799788,0,0.0000,0.0000,0.0000
35000,3.500000,0.000198,-4.669684,-20.680420,0.000157,-10.771927,-15.799788,0,0.0000,0.0000,0.0000
36000,3.600000,0.000213,-5.795975,-22.260399,0.000157,-11.752927,-15.799788,0,0.0000,0.0000,0.0000
37000,3.700000,0.000229,-7.020367,-23.840378,0.000157,-12.733927,-15.799788,0,0.0000,0.0000,0.0000
38000,3.800000,0.000245,-8.342859,-25.420357,0.000157,-13.714927,-15.799788,0,0.0000,0.0000,0.0000
39000,3.900000,0.000260,-9.763451,-27.000336,0.000157,-14.695927,-15.799788,0,0.0000,0.0000,0.0000
40000,4.000000,0.000276,-11.282143,-28.580315,0.000157,-15.676927,-15.799788,0,0.0000,0.0000,0.0000
41000,4.100000,0.000292,-12.898934,-30.160294,0.000157,-16.657927,-15.799788,0,0.0000,0.0000,0.0000
42000,4.200000,0.000308,-14.613826,-31.740272,0.000157,-17.638927,-15.799788,0,0.0000,0.0000,0.0000
43000,4.300000,0.000323,-16.426818,-33.320251,0.000157,-18.619927,-15.799788,0,0.0000,0.0000,0.0000
44000,4.400000,0.000339,-18.337910,-34.900230,0.000157,-19.600927,-15.799788,0,0.0000,0.0000,0.0000
45000,4.500000,0.000355,-20.347101,-36.480209,0.000157,-20.581927,-15.799788,0,0.0000,0.0000,0.0000
46000,4.600000,0.000370,-22.454393,-38.060188,0.000157,-21.562927,-15.799788,0,0.0000,0.0000,0.0000
47000,4.700000,0.000386,-24.659785,-39.640167,0.000157,-22.543927,-15.799788,0,0.0000,0.0000,0.0000
48000,4.800000,0.000402,-26.963277,-41.220145,0.000157,-23.524927,-15.799788,0,0.0000,0.0000,0.0000
49000,4.900000,0.000418,-29.364868,-42.800124,0.000157,-24.505927,-15.799788,0,0.0000,0.0000,0.0000
50000,5.000000,0.000433,-31.864560,-44.380103,0.000157,-25.486927,-15.799788,0,0.0000,0.0000,0.0000
51000,5.100000,0.000449,-34.462352,-45.960082,0.000157,-26.467927,-15.799788,0,0.0000,0.0000,0.0000
52000,5.200000,0.000465,-37.158244,-47.540061,0.000157,-27.448927,-15.799788,0,0.0000,0.0000,0.0000
53000,5.300000,0.000481,-39.952236,-49.120040,0.000157,-28.429927,-15.799788,0,0.0000,0.0000,0.0000
54000,5.400000,0.000496,-42.844327,-50.700019,0.000157,-29.410927,-15.799788,0,0.0000,0.0000,0.0000
55000,5.500000,0.000512,-45.834519,-52.279997,0.000157,-30.391927,-15.799788,0,0.0000,0.0000,0.0000
56000,5.600000,0.000528,-48.922811,-53.859976,0.000157,-31.372927,-15.799788,0,0.0000,0.0000,0.0000
57000,5.700000,0.000543,-52.109203,-55.439955,0.000157,-32.353927,-15.799788,0,0.0000,0.0000,0.0000
58000,5.800000,0.000559,-55.393694,-57.019934,0.000157,-33.334927,-15.799788,0,0.0000,0.0000,0.0000
59000,5.900000,0.000575,-58.776286,-58.599913,0.000157,-34.315927,-15.799788,0,0.0000,0.0000,0.0000
60000,6.000000,0.000591,-62.256978,-60.179892,0.000157,-35.296927,-15.799788,0,0.0000,0.0000,0.0000
61000,6.100000,0.000606,-65.835770,-61.759870,0.000157,-36.277927,-15.799788,0,0.0000,0.0000,0.0000
62000,6.200000,0.000622,-69.512661,-63.339849,0.000157,-37.258927,-15.799788,0,0.0000,0.0000,0.0000
63000,6.300000,0.000638,-73.287653,-64.919828,0.000157,-38.239927,-15.799788,0,0.0000,0.0000,0.0000
64000,6.400000,0.000653,-77.160745,-66.499807,0.000157,-39.220927,-15.799788,0,0.0000,0.0000,0.0000
65000,6.500000,0.000669,-81.131937,-68.079786,0.000157,-40.201927,-15.799788,0,0.0000,0.0000,0.0000
66000,6.600000,0.000685,-85.201229,-69.659765,0.000157,-41.182927,-15.799788,0,0.0000,0.0000,0.0000
67000,6.700000,0.000701,-89.368620,-71.239744,0.000157,-42.163927,-15.799788,0,0.0000,0.0000,0.0000
68000,6.800000,0.000716,-93.634112,-72.819722,0.000157,-43.144927,-15.799788,0,0.0000,0.0000,0.0000
69000,6.900000,0.000732,-97.997704,-74.399701,0.000157,-44.125927,-15.799788,0,0.0000,0.0000,0.0000
70000,7.000000,0.000748,-102.459396,-75.979680,0.000157,-45.106927,-15.799788,0,0.0000,0.0000,0.0000
71000,7.100000,0.000763,-107.019187,-77.559659,0.000157,-46.087927,-15.799788,0,0.0000,0.0000,0.0000
72000,7.200000,0.000779,-111.677079,-79.139638,0.000157,-47.068927,-15.799788,0,0.0000,0.0000,0.0000
73000,7.300000,0.000795,-116.433071,-80.719617,0.000157,-48.049927,-15.799788,0,0.0000,0.0000,0.0000
74000,7.400000,0.000811,-121.287163,-82.299595,0.000157,-49.030927,-15.799788,0,0.0000,0.0000,0.0000
75000,7.500000,0.000826,-126.239354,-83.879574,0.000157,-50.011927,-15.799788,0,0.0000,0.0000,0.0000
76000,7.600000,0.000842,-131.289646,-85.459553,0.000157,-50.992927,-15.799788,0,0.0000,0.0000,0.0000
77000,7.700000,0.000858,-136.438038,-87.039532,0.000157,-51.973927,-15.799788,0,0.0000,0.0000,0.0000
78000,7.800000,0.000873,-141.684530,-88.619511,0.000157,-52.954927,-15.799788,0,0.0000,0.0000,0.0000
79000,7.900000,0.000889,-147.029122,-90.199490,0.000157,-53.935927,-15.799788,0,0.0000,0.0000,0.0000
80000,8.000000,0.000905,-152.471813,-91.779468,0.000157,-54.916927,-15.799788,0,0.0000,0.0000,0.0000
81000,8.100000,0.000921,-158.012605,-93.359447,0.000157,-55.897927,-15.799788,0,0.0000,0.0000,0.0000
82000,8.200000,0.000936,-163.651497,-94.939426,0.000157,-56.878927,-15.799788,0,0.0000,0.0000,0.0000
83000,8.300000,0.000952,-169.388489,-96.519405,0.000157,-57.859927,-15.799788,0,0.0000,0.0000,0.0000
84000,8.400000,0.000968,-175.223580,-98.099384,0.000157,-58.840927,-15.799788,0,0.0000,0.0000,0.0000
85000,8.500000,0.000984,-181.156772,-99.679363,0.000157,-59.821927,-15.799788,0,0.0000,0.0000,0.0000
86000,8.600000,0.000999,-187.188064,-101.259342,0.000157,-60.802927,-15.799788,0,0.0000,0.0000,0.0000
87000,8.700000,0.001015,-193.317456,-102.839320,0.000157,-61.783927,-15.799788,0,0.0000,0.0000,0.0000
88000,8.800000,0.001031,-199.544947,-104.419299,0.000157,-62.764927,-15.799788,0,0.0000,0.0000,0.0000
89000,8.900000,0.001046,-205.870539,-105.999278,0.000157,-63.745927,-15.799788,0,0.0000,0.0000,0.0000
90000,9.000000,0.001062,-212.294231,-107.579257,0.000157,-64.726927,-15.799788,0,0.0000,0.0000,0.0000
91000,9.100000,0.001078,-218.816023,-109.159236,0.000157,-65.707927,-15.799788,0,0.0000,0.0000,0.0000
92000,9.200000,0.001094,-225.435915,-110.739215,0.000157,-66.688927,-15.799788,0,0.0000,0.0000,0.0000
93000,9.300000,0.001109,-232.153906,-112.319193,0.000157,-67.669927,-15.799788,0,0.0000,0.0000,0.0000
94000,9.400000,0.001125,-238.969998,-113.899172,0.000157,-68.650927,-15.799788,0,0.0000,0.0000,0.0000
95000,9.500000,0.001141,-245.884190,-115.479151,0.000157,-69.631927,-15.799788,0,0.0000,0.0000,0.0000
96000,9.600000,0.001156,-252.896482,-117.059130,0.000157,-70.612927,-15.799788,0,0.0000,0.0000,0.0000
97000,9.700000,0.001172,-260.006873,-118.639109,0.000157,-71.593927,-15.799788,0,0.0000,0.0000,0.0000
98000,9.800000,0.001188,-267.215365,-120.219088,0.000157,-72.574927,-15.799788,0,0.0000,0.0000,0.0000
99000,9.900000,0.001204,-274.521957,-121.799067,0.000157,-73.555927,-15.799788,0,0.0000,0.0000,0.0000
100000,10.000000,0.001219,-281.926649,-123.379045,0.000157,-74.536927,-15.799788,0,0.0000,0.0000,0.0000
